current_path,filename,matched_bibkey,paper_title,official_tier,current_folder,recommended_folder,action,reason,priority
JMP_literature/03_summaries/T1A/Dagsvik_Jia_2016_latent_jobs.md,Dagsvik_Jia_2016_latent_jobs.md,dagsvikLaborSupplyChoice2016,Labor Supply as a Choice Among Latent Jobs: Unobserved Heterogeneity and Identification,T1A,T1A,T1A,keep,Correct tier and correct folder. No action needed.,low
JMP_literature/03_summaries/T1A/Dagsvik_et_al_2014_latent_jobs_arguments.md,Dagsvik_et_al_2014_latent_jobs_arguments.md,dagsvikTHEORETICALPRACTICALARGUMENTS2014,Theoretical and Practical Arguments for Modeling Labor Supply as a Choice Among Latent Jobs,T1A,T1A,T1A,keep,Correct tier and correct folder. No action needed.,low
JMP_literature/03_summaries/T1A/Aaberge_et_al_2009.md,Aaberge_et_al_2009.md,aabergeEvaluatingAlternativeRepresentations2009,Evaluating Alternative Representations of the Choice Sets in Models of Labor Supply,T1A,T1A,T1A,keep,Correct tier and correct folder. No action needed.,low
JMP_literature/03_summaries/T1A/Batcharaya_2015.md,Batcharaya_2015.md,bhattacharyaNonparametricWelfareAnalysis2015,Nonparametric Welfare Analysis for Discrete Choice,T1A,T1A,T1A,metadata_repair,Correct tier and correct folder. Rename to Bhattacharya_2015.md to fix typo (Batcharaya -> Bhattacharya).,medium
JMP_literature/03_summaries/T1A/Dagsvik_Karlstrom_2005.md,Dagsvik_Karlstrom_2005.md,dagsvikCompensatingVariationHicksian2005,Compensating Variation and Hicksian Choice Probabilities in Random Utility Models That Are Nonlinear in Income,T1A,T1A,T1A,keep,Correct tier and correct folder. No action needed.,low
JMP_literature/03_summaries/T1A/Shorrocks_1982.md,Shorrocks_1982.md,shorrocksInequalityDecompositionFactor1982,Inequality Decomposition by Factor Components,T1A,T1A,T1A,keep,Correct tier and correct folder. Note: PDF not yet in Literature/ (acquire per queue rank 2) -- summary exists regardless.,low
JMP_literature/03_summaries/T1A/Shorrocks_2013.md,Shorrocks_2013.md,shorrocksDecompositionProceduresDistributional2013,Decomposition Procedures for Distributional Analysis: A Unified Framework Based on the Shapley Value,T1A,T1A,T1A,keep,Correct tier and correct folder. No action needed.,low
JMP_literature/03_summaries/T1A/Jaque_jia_Thor.md,Jaque_jia_Thor.md,jacquetHowMuchDoes2026,How Much Does Responsibility Matter in Fairness Measurement?,T1A,T1A,T1A,metadata_repair,Correct tier and correct folder. Rename to Jacquet_Jia_Thoresen_2026.md to fix truncation and spelling.,medium
JMP_literature/03_summaries/T1A/van_Soest_1995.md,van_Soest_1995.md,vansoestStructuralModelsFamily1995,Structural Models of Family Labor Supply: A Discrete Choice Approach,T1B,T1A,T1B,move,Official tier is T1B not T1A. Summary itself correctly identifies it as T1B and flags the recommended destination as T1B/. Move to JMP_literature/03_summaries/T1B/van_Soest_1995.md. Content is correct -- no rerun needed.,high
JMP_literature/03_summaries/T1A/Beffy_et_al_2019_summary.md,Beffy_et_al_2019_summary.md,beffyLabourSupplyTaxation2019,Labour Supply and Taxation with Restricted Choices,T1B,T1A,T1B,move,Official tier is T1B not T1A. Move to JMP_literature/03_summaries/T1B/Beffy_et_al_2019.md (also drop the _summary suffix to match naming convention).,high
JMP_literature/03_summaries/T1A/Aaberge_Colombino_2013.md,Aaberge_Colombino_2013.md,aabergeUsingMicroeconometricModel2013,Using a Microeconometric Model of Household Labour Supply to Design Optimal Income Taxes,T1B,T1A,T1B,move,Official tier is T1B not T1A. Move to JMP_literature/03_summaries/T1B/Aaberge_Colombino_2013.md. Note: this file was originally requested as the destination for the van Soest summary (mismatch at creation); the Aaberge 2013 content here is correct and confirmed by file header.,high
JMP_literature/03_summaries/T1A/Aberge_colombino_2012.md,Aberge_colombino_2012.md,aabergeAccountingFamilyBackground2012,Accounting for Family Background When Designing Optimal Income Taxes,T2,T1A,T2,move,Official tier is T2 not T1A. Move to JMP_literature/03_summaries/T2/Aaberge_Colombino_2012.md (also fix filename typo: Aberge -> Aaberge).,high
JMP_literature/03_summaries/T1A/Bourguignon_et_al_2007.md,Bourguignon_et_al_2007.md,bourguignonINEQUALITYOPPORTUNITYBRAZIL2007,Inequality of Opportunity in Brazil,T2,T1A,T2,move,Official tier is T2 not T1A. Move to JMP_literature/03_summaries/T2/Bourguignon_et_al_2007.md. Content is over-depth (T1 exhaustive prompt used on a T2 paper) but usable -- no rerun needed.,high
JMP_literature/03_summaries/T1A/Ferreria_Gignoux2011.md,Ferreria_Gignoux2011.md,ferreiraMEASUREMENTINEQUALITYOPPORTUNITY2011,The Measurement of Inequality of Opportunity: Theory and an Application to Latin America,T2,T1A,T2,move,Official tier is T2 not T1A. Move to JMP_literature/03_summaries/T2/Ferreira_Gignoux_2011.md (also fix filename typo: Ferreria -> Ferreira). Content is over-depth (T1 exhaustive prompt) but usable.,high
JMP_literature/03_summaries/T1A/Aaberge_Colombino_2006.md,Aaberge_Colombino_2006.md,aabergeDesigningOptimalTaxes2006,Designing Optimal Taxes with a Microeconometric Model of Household Labour Supply,T3,T1A,T3_background,move,Official tier is T3 not T1A. Move to JMP_literature/03_summaries/T3_background/Aaberge_Colombino_2006.md. Produced with T2 prompt (per self-report in file) -- for a T3 paper this depth is acceptable.,high
JMP_literature/03_summaries/T1A/all_summaries_T1.md,all_summaries_T1.md,COMBINED_NONCANOICAL,Multiple papers (14 papers concatenated),MIXED,T1A,archive,archive,Non-canonical combined file. All 14 papers it contains have individual canonical files. Contains UTF-8 encoding artefacts from byte-level concatenation. Archive to JMP_literature/03_summaries/archive/all_summaries_T1_COMBINED_NONCANONICAL.md or delete after individual files confirmed. Do NOT use as source of truth.,high
