"source_id","author_year","title","mandatory_or_conditional","pdf_found_yes_no","pdf_path","md_found_yes_no","md_path","md_nonempty_yes_no","extraction_created_yes_no","extraction_command_used","extraction_ready_yes_no","notes"
"bloemenModelLabourSupply2000","Bloemen 2000","A Model of Labour Supply with Job Offer Restrictions","mandatory","yes","Literature/Bloemen_2000_A model of labour supply with job offer restrictions.pdf","yes","Literature/md_extractions/Bloemen_2000_A model of labour supply with job offer restrictions.md","yes","no - pre-existing","n/a - pre-existing extraction","yes","PDF 8.2 MB; MD 51841 bytes. Pre-existing extraction refreshed by full pipeline run 2026-06-04. Content confirmed: Labour Economics 7(3):297-312; Bloemen; job-offer-restriction model."
"bloemenJobSearchHours2008","Bloemen 2008","Job Search, Hours Restrictions, and Desired Hours of Work","mandatory","yes","Literature/Bloemen_2008_Job Search, Hours Restrictions, and Desired Hours of Work.pdf","yes","Literature/md_extractions/Bloemen_2008_Job Search, Hours Restrictions, and Desired Hours of Work.md","yes","no - pre-existing","n/a - pre-existing extraction","yes","PDF 973 KB; MD 105876 bytes. Pre-existing extraction refreshed by full pipeline run 2026-06-04. Content confirmed: Journal of Labor Economics 26(1):137-179; Bloemen; job search with hours restrictions."
"bloemenCollectiveHousehold2010","Bloemen 2010","An Empirical Model of Collective Household Labour Supply with Non-Participation","mandatory","yes","Literature/Bloemen_2010_An Empirical Model of Collective Household Labour Supply with Non-Participation.pdf [note: original filename contains U+2010 non-breaking hyphen]","yes","Literature/md_extractions/Bloemen_2010_An Empirical Model of Collective Household Labour Supply with Non-Participation.md","yes","yes - created 2026-06-04","python Literature/improve_md_extractions.py [full absolute path with ASCII-safe hyphen copy]","yes","PDF 689 KB; MD 100554 bytes. Original filename used U+2010 (non-breaking hyphen) which caused pdftotext failure. Workaround: copied PDF to ASCII-safe filename; extraction succeeded; both filenames produce identical 100554-byte MD. Content confirmed: Economic Journal 120(543):183-214 2010; Bloemen; collective household labour supply model with non-participation; panel of Dutch couples."
"cameronMillerClusterRobust2015","Cameron & Miller 2015","A Practitioner's Guide to Cluster-Robust Inference","mandatory","yes","Literature/Cameron_Miller_2015_A Practitioner's Guide to Cluster-Robust Inference.pdf","yes","Literature/md_extractions/Cameron_Miller_2015_A Practitioner's Guide to Cluster-Robust Inference.md","yes","yes - created 2026-06-04","python Literature/improve_md_extractions.py [full absolute path]","yes","PDF 1.99 MB; MD 170499 bytes. Extraction created 2026-06-04. Content confirmed: Journal of Human Resources 50-2:317-372 2015; Cameron and Miller; cluster-robust standard errors; cluster bootstrap; sections on clustered OLS, fixed effects, few clusters, IV/nonlinear extension. Outlet and page range match acquisition queue."
"lofflerStructuralLaborSupply2014","Loffler et al. 2014","Structural Labor Supply Models and Wage Exogeneity","mandatory","yes","Literature/Löffler et al_2014_Structural labor supply models and wage exogeneity.pdf","yes","Literature/md_extractions/Löffler et al_2014_Structural labor supply models and wage exogeneity.md","yes","no - pre-existing","n/a - pre-existing extraction","yes","PDF 604 KB; MD 104159 bytes. Pre-existing extraction refreshed by full pipeline run 2026-06-04. Content not read in detail but file is non-empty and labelled correctly. Outlet: IZA DP 8281 confirmed as bibkey lofflerStructuralLaborSupply2014 in base bib."
"magnacRobinWageOffer2014","Magnac & Robin 2014 [verify]","[verify - internally inconsistent in DR03]","conditional","no","not found in Literature/","no","not found","n/a","no","n/a","no - verification gated","No PDF in Literature/. Conditional source gated on s9 verification. DR03 metadata inconsistent: two page ranges and two title variants given. Do not acquire or summarize until verification log clears."
"dagsvikStromLocatelli2021","Dagsvik Strom & Locatelli 2021 [verify]","Marginal Compensated Effects in Discrete Labor Supply Models [verify]","conditional","no","not found in Literature/ (Dagsvik_Strom_2006 paper is present but is a different paper)","no","not found","n/a","no","n/a","no - verification gated","No PDF in Literature/. Conditional source gated on s9 verification. Plausibly real but unverified. Do not acquire or summarize until verification log clears."
"sunLeungShapley2019","Sun & Leung 2019 [verify]","Accounting for Interactions in Shapley Decompositions [verify]","conditional","no","not found in Literature/","no","not found","n/a","no","n/a","no - verification gated","No PDF in Literature/. Conditional source gated on s9 verification. Low urgency: Shorrocks 2013 + Audoly 2025 already anchor the interaction claim."
"credeGrammatikos2022","Crede / Grammatikos 2022 [verify]","Sampling Effects in Simulated Maximum Likelihood [verify]","conditional","no","not found in Literature/","no","not found","n/a","no","n/a","no - verification gated","No PDF in Literature/. Conditional source gated on s9 verification. Author-name inconsistency (Crede/Creed) is red flag."
