acquisition_rank,priority_bucket,bibkey,author_year,final_recommended_tier,JMP_component,where_pdf_is,zotero_files_path,blocks_extraction,blocks_first_batch,action,notes
1,1_essential_T1_no_portable_pdf,sastreShapleyInequalityDecomposition2002,Sastre & Trannoy 2002,T1A,decomposition,zotero_files,[verify in bib file= field],yes,no,copy PDF from Zotero files/ to Literature/ then run improve_md_extractions.py,"T1A decomposition methodology; bib entry exists with PDF in Zotero files/ per bibtex audit sec.6. Not in the first 12 (decomposition is Exercise B, deferred) but acquire early"
2,1_essential_T1_no_portable_pdf,shorrocksInequalityDecompositionFactor1982,Shorrocks 1982,T1A,decomposition,zotero_files,[verify in bib file= field],yes,no,copy PDF from Zotero files/ to Literature/ then extract,"T1A factor-decomposition foundation (Econometrica); bibtex audit sec.6 lists it essential-no-PDF-in-Literature. Pairs with Shorrocks 2013 (already in Literature/)"
3,2_essential_pdf_in_zotero_not_literature,kabatekIncomeTaxationLabour2014,Kabatek et al. 2014,T2,model;data-infrastructure,zotero_files,[verify in bib file= field],yes,no,copy PDF to Literature/ then extract,"France couples discrete-choice baseline; closest French empirical comparator; high practical value despite T2"
4,2_essential_pdf_in_zotero_not_literature,bosmansFailureCompensateFailure2025,Bosmans et al. 2025,T2,decomposition;normative-interpretation,zotero_files,[verify in bib file= field],yes,no,copy PDF to Literature/ then extract,"compensation-vs-reward decomposition; conceptually close to W1-W6 duality"
5,2_essential_pdf_in_zotero_not_literature,peichlAccountingSpouseWhen2016,Peichl & Ungerer 2016,T2,decomposition,zotero_files,[verify in bib file= field],yes,no,copy PDF to Literature/ then extract,"household/spousal IOp; relevant to couples-unit gender attribution"
6,2_essential_pdf_in_zotero_not_literature,hufeMeasuringUnfairInequality2022,Hufe et al. 2022,T2,decomposition;normative-interpretation,zotero_files,"[verify] duplicate file paths files/1126, files/1383",yes,no,copy ONE PDF to Literature/ then extract,"unfair-vs-fair inequality (ReStud); bib has duplicate file paths -- pick one"
7,2_essential_pdf_in_zotero_not_literature,mahlerEqualityOpportunityFour2019,Mahler & Ramos 2019,T2,decomposition,zotero_files,[verify in bib file= field],yes,no,copy PDF to Literature/ then extract,"multi-dimensional EOp; SOEP"
8,2_essential_pdf_in_zotero_not_literature,vandegaerMeasurementInequalityOpportunity2020,Van de gaer & Ramos 2020,T2,decomposition,zotero_files,[verify in bib file= field],yes,no,copy PDF to Literature/ then extract,"counterfactual IOp logic; verify DOI; verify 'Van de gaer' lowercase-d in bib"
9,2_essential_pdf_in_zotero_not_literature,decosterEmpiricalWelfareAnalysis2015,Decoster & Haan 2015,T2,welfare,zotero_files,files/187,yes,no,copy PDF to Literature/ then extract,"Fleurbaey-style welfare from structural LS; close welfare-method comparator"
10,3_gapcheck_addition_no_pdf_or_md,caloBlancoGarciaPerez2014,Calo-Blanco & Garcia-Perez 2014,DEFER,decomposition;normative-interpretation,none,none,yes,no,source PDF externally; replace WelfareLossCaused stub with full bib; then extract if re-tiered above DEFER,"gap-check 'essential' but DEFER for baseline; only a bare ProQuest stub exists; needs full bib entry (J Econ Inequality 2014)"
11,3_gapcheck_addition_no_pdf_or_md,chantreuilInequalityDecompositionValues2013,Chantreuil & Trannoy 2013,T3,decomposition,zotero_files,[verify in bib file= field],partial,no,copy PDF to Literature/ if/when extracted,"decomposition-axioms background; T3 so extraction optional"
12,3_gapcheck_addition_no_pdf_or_md,tidotakengDecompositionsInequalityMeasures2023,Tido Takeng et al. 2023,T3,decomposition,zotero_files,[verify in bib file= field],partial,no,copy PDF to Literature/ if/when extracted,"Shapley-Owen grouped decomposition background"
13,3_gapcheck_addition_no_pdf_or_md,bosmansMeasurementInequalityOpportunity2021,Bosmans & Ozturk 2021,T3,normative-interpretation,zotero_files,[verify in bib file= field],partial,no,copy PDF to Literature/ if/when extracted,"normative IOp axioms background"
14,3_gapcheck_addition_no_pdf_or_md,fleurbaeyExAnteEx2013,Fleurbaey & Peragine 2013,T3,normative-interpretation,zotero_files,[verify in bib file= field],partial,no,copy PDF to Literature/ if/when extracted,"ex-ante vs ex-post EOp; relevant to ex-ante stance; verify DOI"
15,3_gapcheck_addition_no_pdf_or_md,checchiInequalityOpportunityItaly2010,Checchi & Peragine 2010,T3,decomposition,zotero_files,[verify in bib file= field],partial,no,copy PDF to Literature/ if/when extracted,"empirical IOp template; demoted to T3"
16,3_gapcheck_addition_no_pdf_or_md,brunoriUpwardDownwardBias2019,Brunori et al. 2019,T3,decomposition;identification,zotero_files,[verify in bib file= field],partial,no,copy PDF to Literature/ if/when extracted,"IOp measurement bias; verify DOI"
17,3_gapcheck_addition_no_pdf_or_md,palominoChannelsInequalityOpportunity2019,Palomino et al. 2019,T3,decomposition,zotero_files,[verify in bib file= field],partial,no,copy PDF to Literature/ if/when extracted,"education/occupation IOp channels; verify DOI"
18,3_gapcheck_addition_no_pdf_or_md,almasMeasuringUnfairInequality2011,Almas et al. 2011,T3,normative-interpretation,zotero_files,[verify in bib file= field],partial,no,copy PDF to Literature/ if/when extracted,"responsibility-sensitive measurement background"
19,3_gapcheck_addition_no_pdf_or_md,piacquadioFairnessJustificationUtilitarianism2017,Piacquadio 2017,T3,normative-interpretation,zotero_files,[verify in bib file= field],partial,no,copy PDF to Literature/ if/when extracted,"axiomatic fairness background"
20,3_gapcheck_addition_no_pdf_or_md,picchioWelfareEvaluation19862018,Picchio & Valletta 2018,T3,welfare,zotero_files,files/70,partial,no,copy PDF to Literature/ if/when extracted,"welfare-metric-menu comparator (US TRA86)"
21,3_gapcheck_addition_no_pdf_or_md,jaraPuttingMeasuresIndividual2017,Jara & Schokkaert 2017,T3,welfare;data-infrastructure,zotero_files,[verify in bib file= field],partial,no,copy PDF to Literature/ if/when extracted,"EUROMOD equivalent-income comparator (Sweden)"
22,3_gapcheck_addition_no_pdf_or_md,brunoriOpportunitySensitivePovertyMeasurement2013,Brunori et al. 2013b,DEFER,decomposition,zotero_files,[verify in bib file= field],no,no,acquire only if poverty angle activates,"DEFER: possible blind spot; poverty-measurement angle"
23,3_gapcheck_addition_no_pdf_or_md,Chapter34Welfare2002,[verify] Moffitt 2002 (Ch.34),T3,model,none,none,no,no,"source PDF externally if needed; add missing author (likely Moffitt) to bib",no PDF anywhere per inventory; handbook chapter; background only
24,4_deprioritized_reject_or_defer,rothShapleyValueEssays1988,Roth (ed.) 1988,DEFER,decomposition,none,none,no,no,acquire only if a Shapley-value-origin footnote is wanted,"DEFER: no PDF anywhere; deep background"
25,4_deprioritized_reject_or_defer,anandMeasuringWelfareLatent2011,Anand et al. 2011,REJECT,(none),zotero_files,[verify in bib file= field],no,no,do not acquire,"REJECT per bibtex audit sec.5; not aligned"
26,4_deprioritized_reject_or_defer,osbergIndexEconomicWell2002,Osberg & Sharpe 2002,REJECT,(none),zotero_files,[verify in bib file= field],no,no,do not acquire,"REJECT per bibtex audit sec.5; peripheral"
27,4_deprioritized_reject_or_defer,duroFactorDecompositionCrosscountry1998,Duro & Esteban 1998,REJECT,(none),zotero_files,[verify in bib file= field],no,no,do not acquire,"REJECT per bibtex audit sec.5; not aligned"
